BookingName,ResourceName,ResStartDateTime,ResEndDateTime,ResNotes
New Life Church - College,Clay Gym,"Oct 3, 2026 12:00:00 PM","Oct 3, 2026 5:30:00 PM",
New Life Church - College,Indoor Pool and Hot tub,"Oct 3, 2026 1:00:00 PM","Oct 3, 2026 5:00:00 PM",
New Life Church - College,Clay Gym,"Oct 3, 2026 8:30:00 PM","Oct 3, 2026 9:00:00 PM",
Detroit Navigators Soul Care Retreat,Island,"Oct 9, 2026 12:00:00 AM","Oct 11, 2026 11:59:59 PM",Same as previous retreat 
Detroit Navigators Soul Care Retreat,Conference Room B,"Oct 9, 2026 12:00:00 AM","Oct 11, 2026 11:59:59 PM",
BRAVE Advance Women's Retreat 2026,Conference Room A,"Oct 9, 2026 4:00:00 PM","Oct 11, 2026 10:00:00 AM",
BRAVE Advance Women's Retreat 2026,Chalet,"Oct 9, 2026 4:00:00 PM","Oct 11, 2026 10:00:00 AM",
Pontiac Church Men's Retreat,Antioch ,"Oct 9, 2026 4:00:00 PM","Oct 10, 2026 1:00:00 PM",
Detroit Navigators Soul Care Retreat,Clay Gym,"Oct 9, 2026 7:30:00 PM","Oct 9, 2026 8:30:00 PM",
Detroit Navigators Soul Care Retreat,Indoor Pool and Hot tub,"Oct 10, 2026 2:00:00 PM","Oct 10, 2026 4:00:00 PM",
Chalet - Church of God 7th Day (40 men),Chalet,"Oct 16, 2026 12:00:00 AM","Oct 18, 2026 11:59:59 PM",
Solid Rock Church Youth Retreat,Tabernacle ,"Oct 16, 2026 11:00:00 AM","Oct 18, 2026 2:00:00 PM",
Christian Renewal Ministries (40 women),Island,"Oct 16, 2026 11:00:00 AM","Oct 18, 2026 2:00:00 PM",10 tables 4 chairs to a table 
Christian Renewal Ministries (40 women),Conference Room A,"Oct 16, 2026 11:00:00 AM","Oct 18, 2026 2:00:00 PM",Hangout style for 40
Christian Renewal Ministries (40 women),Indoor Pool and Hot tub,"Oct 16, 2026 8:30:00 PM","Oct 16, 2026 9:30:00 PM",
Solid Rock Church Youth Retreat,Clay Gym,"Oct 17, 2026 12:00:00 PM","Oct 17, 2026 9:00:00 PM",
Christian Renewal Ministries (40 women),Clay Gym,"Oct 17, 2026 1:00:00 PM","Oct 17, 2026 3:00:00 PM",
Solid Rock Church Youth Retreat,Zipline ,"Oct 17, 2026 3:00:00 PM","Oct 17, 2026 5:00:00 PM",
Christian Renewal Ministries (40 women),Indoor Pool and Hot tub,"Oct 17, 2026 8:30:00 PM","Oct 17, 2026 9:30:00 PM",
